Component,Origin,License,Copyright
core,cloud.google.com/go,Apache-2.0,Copyright 2019 Google LLC
core,cloud.google.com/go/ai/generativelanguage/apiv1beta,Apache-2.0,Copyright 2019 Google LLC
core,cloud.google.com/go/ai/generativelanguage/apiv1beta/generativelanguagepb,Apache-2.0,Copyright 2019 Google LLC
core,cloud.google.com/go/ai/internal,Apache-2.0,Copyright 2019 Google LLC
core,cloud.google.com/go/auth,Apache-2.0,Copyright 2019 Google LLC
core,cloud.google.com/go/auth/credentials,Apache-2.0,Copyright 2019 Google LLC
core,cloud.google.com/go/auth/credentials/internal/externalaccount,Apache-2.0,Copyright 2019 Google LLC
core,cloud.google.com/go/auth/credentials/internal/externalaccountuser,Apache-2.0,Copyright 2019 Google LLC
core,cloud.google.com/go/auth/credentials/internal/gdch,Apache-2.0,Copyright 2019 Google LLC
core,cloud.google.com/go/auth/credentials/internal/impersonate,Apache-2.0,Copyright 2019 Google LLC
core,cloud.google.com/go/auth/credentials/internal/stsexchange,Apache-2.0,Copyright 2019 Google LLC
core,cloud.google.com/go/auth/grpctransport,Apache-2.0,Copyright 2019 Google LLC
core,cloud.google.com/go/auth/httptransport,Apache-2.0,Copyright 2019 Google LLC
core,cloud.google.com/go/auth/internal,Apache-2.0,Copyright 2019 Google LLC
core,cloud.google.com/go/auth/internal/credsfile,Apache-2.0,Copyright 2019 Google LLC
core,cloud.google.com/go/auth/internal/jwt,Apache-2.0,Copyright 2019 Google LLC
core,cloud.google.com/go/auth/internal/transport,Apache-2.0,Copyright 2019 Google LLC
core,cloud.google.com/go/auth/internal/transport/cert,Apache-2.0,Copyright 2019 Google LLC
core,cloud.google.com/go/auth/oauth2adapt,Apache-2.0,Copyright 2019 Google LLC
core,cloud.google.com/go/compute/metadata,Apache-2.0,Copyright 2019 Google LLC
core,cloud.google.com/go/longrunning,Apache-2.0,Copyright 2019 Google LLC
core,cloud.google.com/go/longrunning/autogen,Apache-2.0,Copyright 2019 Google LLC
core,cloud.google.com/go/longrunning/autogen/longrunningpb,Apache-2.0,Copyright 2019 Google LLC
core,github.com/DataDog/datadog-agent/comp/core/tagger/origindetection,Apache-2.0,"Copyright 2016-present Datadog, Inc"
core,github.com/DataDog/datadog-agent/pkg/obfuscate,Apache-2.0,"Copyright 2016-present Datadog, Inc"
core,github.com/DataDog/datadog-agent/pkg/proto/pbgo/trace,Apache-2.0,"Copyright 2016-present Datadog, Inc"
core,github.com/DataDog/datadog-agent/pkg/remoteconfig/state,Apache-2.0,"Copyright 2016-present Datadog, Inc"
core,github.com/DataDog/datadog-agent/pkg/trace/config,Apache-2.0,"Copyright 2016-present Datadog, Inc"
core,github.com/DataDog/datadog-agent/pkg/trace/log,Apache-2.0,"Copyright 2016-present Datadog, Inc"
core,github.com/DataDog/datadog-agent/pkg/trace/sampler,Apache-2.0,"Copyright 2016-present Datadog, Inc"
core,github.com/DataDog/datadog-agent/pkg/trace/stats,Apache-2.0,"Copyright 2016-present Datadog, Inc"
core,github.com/DataDog/datadog-agent/pkg/trace/traceutil,Apache-2.0,"Copyright 2016-present Datadog, Inc"
core,github.com/DataDog/datadog-agent/pkg/trace/traceutil/normalize,Apache-2.0,"Copyright 2016-present Datadog, Inc"
core,github.com/DataDog/datadog-agent/pkg/trace/transform,Apache-2.0,"Copyright 2016-present Datadog, Inc"
core,github.com/DataDog/datadog-agent/pkg/trace/version,Apache-2.0,"Copyright 2016-present Datadog, Inc"
core,github.com/DataDog/datadog-agent/pkg/trace/watchdog,Apache-2.0,"Copyright 2016-present Datadog, Inc"
core,github.com/DataDog/datadog-agent/pkg/util/log,Apache-2.0,"Copyright 2016-present Datadog, Inc"
core,github.com/DataDog/datadog-agent/pkg/util/scrubber,Apache-2.0,"Copyright 2016-present Datadog, Inc"
core,github.com/DataDog/datadog-agent/pkg/version,Apache-2.0,"Copyright 2016-present Datadog, Inc"
core,github.com/DataDog/datadog-go/v5/statsd,MIT,"Copyright (c) 2015 Datadog, Inc"
core,github.com/DataDog/dd-trace-go/v2/appsec/events,Apache-2.0,"Copyright (c) 2016-Present, Datadog <info@datadoghq.com> | Copyright 2016 Datadog, Inc | Copyright 2016-Present Datadog, Inc"
core,github.com/DataDog/dd-trace-go/v2/datastreams/options,Apache-2.0,"Copyright (c) 2016-Present, Datadog <info@datadoghq.com> | Copyright 2016 Datadog, Inc | Copyright 2016-Present Datadog, Inc"
core,github.com/DataDog/dd-trace-go/v2/ddtrace,Apache-2.0,"Copyright (c) 2016-Present, Datadog <info@datadoghq.com> | Copyright 2016 Datadog, Inc | Copyright 2016-Present Datadog, Inc"
core,github.com/DataDog/dd-trace-go/v2/ddtrace/ext,Apache-2.0,"Copyright (c) 2016-Present, Datadog <info@datadoghq.com> | Copyright 2016 Datadog, Inc | Copyright 2016-Present Datadog, Inc"
core,github.com/DataDog/dd-trace-go/v2/ddtrace/internal,Apache-2.0,"Copyright (c) 2016-Present, Datadog <info@datadoghq.com> | Copyright 2016 Datadog, Inc | Copyright 2016-Present Datadog, Inc"
core,github.com/DataDog/dd-trace-go/v2/ddtrace/internal/tracerstats,Apache-2.0,"Copyright (c) 2016-Present, Datadog <info@datadoghq.com> | Copyright 2016 Datadog, Inc | Copyright 2016-Present Datadog, Inc"
core,github.com/DataDog/dd-trace-go/v2/ddtrace/mocktracer,Apache-2.0,"Copyright (c) 2016-Present, Datadog <info@datadoghq.com> | Copyright 2016 Datadog, Inc | Copyright 2016-Present Datadog, Inc"
core,github.com/DataDog/dd-trace-go/v2/ddtrace/tracer,Apache-2.0,"Copyright (c) 2016-Present, Datadog <info@datadoghq.com> | Copyright 2016 Datadog, Inc | Copyright 2016-Present Datadog, Inc"
core,github.com/DataDog/dd-trace-go/v2/instrumentation/appsec/dyngo,Apache-2.0,"Copyright (c) 2016-Present, Datadog <info@datadoghq.com> | Copyright 2016 Datadog, Inc | Copyright 2016-Present Datadog, Inc"
core,github.com/DataDog/dd-trace-go/v2/instrumentation/appsec/emitter/graphqlsec,Apache-2.0,"Copyright (c) 2016-Present, Datadog <info@datadoghq.com> | Copyright 2016 Datadog, Inc | Copyright 2016-Present Datadog, Inc"
core,github.com/DataDog/dd-trace-go/v2/instrumentation/appsec/emitter/grpcsec,Apache-2.0,"Copyright (c) 2016-Present, Datadog <info@datadoghq.com> | Copyright 2016 Datadog, Inc | Copyright 2016-Present Datadog, Inc"
core,github.com/DataDog/dd-trace-go/v2/instrumentation/appsec/emitter/httpsec,Apache-2.0,"Copyright (c) 2016-Present, Datadog <info@datadoghq.com> | Copyright 2016 Datadog, Inc | Copyright 2016-Present Datadog, Inc"
core,github.com/DataDog/dd-trace-go/v2/instrumentation/appsec/emitter/ossec,Apache-2.0,"Copyright (c) 2016-Present, Datadog <info@datadoghq.com> | Copyright 2016 Datadog, Inc | Copyright 2016-Present Datadog, Inc"
core,github.com/DataDog/dd-trace-go/v2/instrumentation/appsec/emitter/sqlsec,Apache-2.0,"Copyright (c) 2016-Present, Datadog <info@datadoghq.com> | Copyright 2016 Datadog, Inc | Copyright 2016-Present Datadog, Inc"
core,github.com/DataDog/dd-trace-go/v2/instrumentation/appsec/emitter/waf/actions,Apache-2.0,"Copyright (c) 2016-Present, Datadog <info@datadoghq.com> | Copyright 2016 Datadog, Inc | Copyright 2016-Present Datadog, Inc"
core,github.com/DataDog/dd-trace-go/v2/instrumentation/appsec/emitter/waf/addresses,Apache-2.0,"Copyright (c) 2016-Present, Datadog <info@datadoghq.com> | Copyright 2016 Datadog, Inc | Copyright 2016-Present Datadog, Inc"
core,github.com/DataDog/dd-trace-go/v2/instrumentation/appsec/trace,Apache-2.0,"Copyright (c) 2016-Present, Datadog <info@datadoghq.com> | Copyright 2016 Datadog, Inc | Copyright 2016-Present Datadog, Inc"
core,github.com/DataDog/dd-trace-go/v2/instrumentation/env,Apache-2.0,"Copyright (c) 2016-Present, Datadog <info@datadoghq.com> | Copyright 2016 Datadog, Inc | Copyright 2016-Present Datadog, Inc"
core,github.com/DataDog/dd-trace-go/v2/instrumentation/errortrace,Apache-2.0,"Copyright (c) 2016-Present, Datadog <info@datadoghq.com> | Copyright 2016 Datadog, Inc | Copyright 2016-Present Datadog, Inc"
core,github.com/DataDog/dd-trace-go/v2/instrumentation/options,Apache-2.0,"Copyright (c) 2016-Present, Datadog <info@datadoghq.com> | Copyright 2016 Datadog, Inc | Copyright 2016-Present Datadog, Inc"
core,github.com/DataDog/dd-trace-go/v2/internal,Apache-2.0,"Copyright (c) 2016-Present, Datadog <info@datadoghq.com> | Copyright 2016 Datadog, Inc | Copyright 2016-Present Datadog, Inc"
core,github.com/DataDog/dd-trace-go/v2/internal/appsec,Apache-2.0,"Copyright (c) 2016-Present, Datadog <info@datadoghq.com> | Copyright 2016 Datadog, Inc | Copyright 2016-Present Datadog, Inc"
core,github.com/DataDog/dd-trace-go/v2/internal/appsec/apisec,Apache-2.0,"Copyright (c) 2016-Present, Datadog <info@datadoghq.com> | Copyright 2016 Datadog, Inc | Copyright 2016-Present Datadog, Inc"
core,github.com/DataDog/dd-trace-go/v2/internal/appsec/apisec/internal/config,Apache-2.0,"Copyright (c) 2016-Present, Datadog <info@datadoghq.com> | Copyright 2016 Datadog, Inc | Copyright 2016-Present Datadog, Inc"
core,github.com/DataDog/dd-trace-go/v2/internal/appsec/apisec/internal/timed,Apache-2.0,"Copyright (c) 2016-Present, Datadog <info@datadoghq.com> | Copyright 2016 Datadog, Inc | Copyright 2016-Present Datadog, Inc"
core,github.com/DataDog/dd-trace-go/v2/internal/appsec/config,Apache-2.0,"Copyright (c) 2016-Present, Datadog <info@datadoghq.com> | Copyright 2016 Datadog, Inc | Copyright 2016-Present Datadog, Inc"
core,github.com/DataDog/dd-trace-go/v2/internal/appsec/emitter/usersec,Apache-2.0,"Copyright (c) 2016-Present, Datadog <info@datadoghq.com> | Copyright 2016 Datadog, Inc | Copyright 2016-Present Datadog, Inc"
core,github.com/DataDog/dd-trace-go/v2/internal/appsec/emitter/waf,Apache-2.0,"Copyright (c) 2016-Present, Datadog <info@datadoghq.com> | Copyright 2016 Datadog, Inc | Copyright 2016-Present Datadog, Inc"
core,github.com/DataDog/dd-trace-go/v2/internal/appsec/limiter,Apache-2.0,"Copyright (c) 2016-Present, Datadog <info@datadoghq.com> | Copyright 2016 Datadog, Inc | Copyright 2016-Present Datadog, Inc"
core,github.com/DataDog/dd-trace-go/v2/internal/appsec/listener,Apache-2.0,"Copyright (c) 2016-Present, Datadog <info@datadoghq.com> | Copyright 2016 Datadog, Inc | Copyright 2016-Present Datadog, Inc"
core,github.com/DataDog/dd-trace-go/v2/internal/appsec/listener/graphqlsec,Apache-2.0,"Copyright (c) 2016-Present, Datadog <info@datadoghq.com> | Copyright 2016 Datadog, Inc | Copyright 2016-Present Datadog, Inc"
core,github.com/DataDog/dd-trace-go/v2/internal/appsec/listener/grpcsec,Apache-2.0,"Copyright (c) 2016-Present, Datadog <info@datadoghq.com> | Copyright 2016 Datadog, Inc | Copyright 2016-Present Datadog, Inc"
core,github.com/DataDog/dd-trace-go/v2/internal/appsec/listener/httpsec,Apache-2.0,"Copyright (c) 2016-Present, Datadog <info@datadoghq.com> | Copyright 2016 Datadog, Inc | Copyright 2016-Present Datadog, Inc"
core,github.com/DataDog/dd-trace-go/v2/internal/appsec/listener/ossec,Apache-2.0,"Copyright (c) 2016-Present, Datadog <info@datadoghq.com> | Copyright 2016 Datadog, Inc | Copyright 2016-Present Datadog, Inc"
core,github.com/DataDog/dd-trace-go/v2/internal/appsec/listener/sqlsec,Apache-2.0,"Copyright (c) 2016-Present, Datadog <info@datadoghq.com> | Copyright 2016 Datadog, Inc | Copyright 2016-Present Datadog, Inc"
core,github.com/DataDog/dd-trace-go/v2/internal/appsec/listener/trace,Apache-2.0,"Copyright (c) 2016-Present, Datadog <info@datadoghq.com> | Copyright 2016 Datadog, Inc | Copyright 2016-Present Datadog, Inc"
core,github.com/DataDog/dd-trace-go/v2/internal/appsec/listener/usersec,Apache-2.0,"Copyright (c) 2016-Present, Datadog <info@datadoghq.com> | Copyright 2016 Datadog, Inc | Copyright 2016-Present Datadog, Inc"
core,github.com/DataDog/dd-trace-go/v2/internal/appsec/listener/waf,Apache-2.0,"Copyright (c) 2016-Present, Datadog <info@datadoghq.com> | Copyright 2016 Datadog, Inc | Copyright 2016-Present Datadog, Inc"
core,github.com/DataDog/dd-trace-go/v2/internal/civisibility,Apache-2.0,"Copyright (c) 2016-Present, Datadog <info@datadoghq.com> | Copyright 2016 Datadog, Inc | Copyright 2016-Present Datadog, Inc"
core,github.com/DataDog/dd-trace-go/v2/internal/civisibility/constants,Apache-2.0,"Copyright (c) 2016-Present, Datadog <info@datadoghq.com> | Copyright 2016 Datadog, Inc | Copyright 2016-Present Datadog, Inc"
core,github.com/DataDog/dd-trace-go/v2/internal/civisibility/utils,Apache-2.0,"Copyright (c) 2016-Present, Datadog <info@datadoghq.com> | Copyright 2016 Datadog, Inc | Copyright 2016-Present Datadog, Inc"
core,github.com/DataDog/dd-trace-go/v2/internal/civisibility/utils/telemetry,Apache-2.0,"Copyright (c) 2016-Present, Datadog <info@datadoghq.com> | Copyright 2016 Datadog, Inc | Copyright 2016-Present Datadog, Inc"
core,github.com/DataDog/dd-trace-go/v2/internal/datastreams,Apache-2.0,"Copyright (c) 2016-Present, Datadog <info@datadoghq.com> | Copyright 2016 Datadog, Inc | Copyright 2016-Present Datadog, Inc"
core,github.com/DataDog/dd-trace-go/v2/internal/env,Apache-2.0,"Copyright (c) 2016-Present, Datadog <info@datadoghq.com> | Copyright 2016 Datadog, Inc | Copyright 2016-Present Datadog, Inc"
core,github.com/DataDog/dd-trace-go/v2/internal/globalconfig,Apache-2.0,"Copyright (c) 2016-Present, Datadog <info@datadoghq.com> | Copyright 2016 Datadog, Inc | Copyright 2016-Present Datadog, Inc"
core,github.com/DataDog/dd-trace-go/v2/internal/hostname,Apache-2.0,"Copyright (c) 2016-Present, Datadog <info@datadoghq.com> | Copyright 2016 Datadog, Inc | Copyright 2016-Present Datadog, Inc"
core,github.com/DataDog/dd-trace-go/v2/internal/hostname/azure,Apache-2.0,"Copyright (c) 2016-Present, Datadog <info@datadoghq.com> | Copyright 2016 Datadog, Inc | Copyright 2016-Present Datadog, Inc"
core,github.com/DataDog/dd-trace-go/v2/internal/hostname/cachedfetch,Apache-2.0,"Copyright (c) 2016-Present, Datadog <info@datadoghq.com> | Copyright 2016 Datadog, Inc | Copyright 2016-Present Datadog, Inc"
core,github.com/DataDog/dd-trace-go/v2/internal/hostname/ec2,Apache-2.0,"Copyright (c) 2016-Present, Datadog <info@datadoghq.com> | Copyright 2016 Datadog, Inc | Copyright 2016-Present Datadog, Inc"
core,github.com/DataDog/dd-trace-go/v2/internal/hostname/ecs,Apache-2.0,"Copyright (c) 2016-Present, Datadog <info@datadoghq.com> | Copyright 2016 Datadog, Inc | Copyright 2016-Present Datadog, Inc"
core,github.com/DataDog/dd-trace-go/v2/internal/hostname/gce,Apache-2.0,"Copyright (c) 2016-Present, Datadog <info@datadoghq.com> | Copyright 2016 Datadog, Inc | Copyright 2016-Present Datadog, Inc"
core,github.com/DataDog/dd-trace-go/v2/internal/hostname/httputils,Apache-2.0,"Copyright (c) 2016-Present, Datadog <info@datadoghq.com> | Copyright 2016 Datadog, Inc | Copyright 2016-Present Datadog, Inc"
core,github.com/DataDog/dd-trace-go/v2/internal/hostname/validate,Apache-2.0,"Copyright (c) 2016-Present, Datadog <info@datadoghq.com> | Copyright 2016 Datadog, Inc | Copyright 2016-Present Datadog, Inc"
core,github.com/DataDog/dd-trace-go/v2/internal/llmobs,Apache-2.0,"Copyright (c) 2016-Present, Datadog <info@datadoghq.com> | Copyright 2016 Datadog, Inc | Copyright 2016-Present Datadog, Inc"
core,github.com/DataDog/dd-trace-go/v2/internal/llmobs/config,Apache-2.0,"Copyright (c) 2016-Present, Datadog <info@datadoghq.com> | Copyright 2016 Datadog, Inc | Copyright 2016-Present Datadog, Inc"
core,github.com/DataDog/dd-trace-go/v2/internal/llmobs/transport,Apache-2.0,"Copyright (c) 2016-Present, Datadog <info@datadoghq.com> | Copyright 2016 Datadog, Inc | Copyright 2016-Present Datadog, Inc"
core,github.com/DataDog/dd-trace-go/v2/internal/log,Apache-2.0,"Copyright (c) 2016-Present, Datadog <info@datadoghq.com> | Copyright 2016 Datadog, Inc | Copyright 2016-Present Datadog, Inc"
core,github.com/DataDog/dd-trace-go/v2/internal/namingschema,Apache-2.0,"Copyright (c) 2016-Present, Datadog <info@datadoghq.com> | Copyright 2016 Datadog, Inc | Copyright 2016-Present Datadog, Inc"
core,github.com/DataDog/dd-trace-go/v2/internal/normalizer,Apache-2.0,"Copyright (c) 2016-Present, Datadog <info@datadoghq.com> | Copyright 2016 Datadog, Inc | Copyright 2016-Present Datadog, Inc"
core,github.com/DataDog/dd-trace-go/v2/internal/orchestrion,Apache-2.0,"Copyright (c) 2016-Present, Datadog <info@datadoghq.com> | Copyright 2016 Datadog, Inc | Copyright 2016-Present Datadog, Inc"
core,github.com/DataDog/dd-trace-go/v2/internal/osinfo,Apache-2.0,"Copyright (c) 2016-Present, Datadog <info@datadoghq.com> | Copyright 2016 Datadog, Inc | Copyright 2016-Present Datadog, Inc"
core,github.com/DataDog/dd-trace-go/v2/internal/processtags,Apache-2.0,"Copyright (c) 2016-Present, Datadog <info@datadoghq.com> | Copyright 2016 Datadog, Inc | Copyright 2016-Present Datadog, Inc"
core,github.com/DataDog/dd-trace-go/v2/internal/remoteconfig,Apache-2.0,"Copyright (c) 2016-Present, Datadog <info@datadoghq.com> | Copyright 2016 Datadog, Inc | Copyright 2016-Present Datadog, Inc"
core,github.com/DataDog/dd-trace-go/v2/internal/samplernames,Apache-2.0,"Copyright (c) 2016-Present, Datadog <info@datadoghq.com> | Copyright 2016 Datadog, Inc | Copyright 2016-Present Datadog, Inc"
core,github.com/DataDog/dd-trace-go/v2/internal/stableconfig,Apache-2.0,"Copyright (c) 2016-Present, Datadog <info@datadoghq.com> | Copyright 2016 Datadog, Inc | Copyright 2016-Present Datadog, Inc"
core,github.com/DataDog/dd-trace-go/v2/internal/stacktrace,Apache-2.0,"Copyright (c) 2016-Present, Datadog <info@datadoghq.com> | Copyright 2016 Datadog, Inc | Copyright 2016-Present Datadog, Inc"
core,github.com/DataDog/dd-trace-go/v2/internal/telemetry,Apache-2.0,"Copyright (c) 2016-Present, Datadog <info@datadoghq.com> | Copyright 2016 Datadog, Inc | Copyright 2016-Present Datadog, Inc"
core,github.com/DataDog/dd-trace-go/v2/internal/telemetry/internal,Apache-2.0,"Copyright (c) 2016-Present, Datadog <info@datadoghq.com> | Copyright 2016 Datadog, Inc | Copyright 2016-Present Datadog, Inc"
core,github.com/DataDog/dd-trace-go/v2/internal/telemetry/internal/knownmetrics,Apache-2.0,"Copyright (c) 2016-Present, Datadog <info@datadoghq.com> | Copyright 2016 Datadog, Inc | Copyright 2016-Present Datadog, Inc"
core,github.com/DataDog/dd-trace-go/v2/internal/telemetry/internal/mapper,Apache-2.0,"Copyright (c) 2016-Present, Datadog <info@datadoghq.com> | Copyright 2016 Datadog, Inc | Copyright 2016-Present Datadog, Inc"
core,github.com/DataDog/dd-trace-go/v2/internal/telemetry/internal/transport,Apache-2.0,"Copyright (c) 2016-Present, Datadog <info@datadoghq.com> | Copyright 2016 Datadog, Inc | Copyright 2016-Present Datadog, Inc"
core,github.com/DataDog/dd-trace-go/v2/internal/telemetry/log,Apache-2.0,"Copyright (c) 2016-Present, Datadog <info@datadoghq.com> | Copyright 2016 Datadog, Inc | Copyright 2016-Present Datadog, Inc"
core,github.com/DataDog/dd-trace-go/v2/internal/traceprof,Apache-2.0,"Copyright (c) 2016-Present, Datadog <info@datadoghq.com> | Copyright 2016 Datadog, Inc | Copyright 2016-Present Datadog, Inc"
core,github.com/DataDog/dd-trace-go/v2/internal/urlsanitizer,Apache-2.0,"Copyright (c) 2016-Present, Datadog <info@datadoghq.com> | Copyright 2016 Datadog, Inc | Copyright 2016-Present Datadog, Inc"
core,github.com/DataDog/dd-trace-go/v2/internal/version,Apache-2.0,"Copyright (c) 2016-Present, Datadog <info@datadoghq.com> | Copyright 2016 Datadog, Inc | Copyright 2016-Present Datadog, Inc"
core,github.com/DataDog/go-libddwaf/v4,Apache-2.0,"Copyright 2016-present Datadog, Inc"
core,github.com/DataDog/go-libddwaf/v4/internal/bindings,Apache-2.0,"Copyright 2016-present Datadog, Inc"
core,github.com/DataDog/go-libddwaf/v4/internal/lib,Apache-2.0,"Copyright 2016-present Datadog, Inc"
core,github.com/DataDog/go-libddwaf/v4/internal/log,Apache-2.0,"Copyright 2016-present Datadog, Inc"
core,github.com/DataDog/go-libddwaf/v4/internal/pin,Apache-2.0,"Copyright 2016-present Datadog, Inc"
core,github.com/DataDog/go-libddwaf/v4/internal/ruleset,Apache-2.0,"Copyright 2016-present Datadog, Inc"
core,github.com/DataDog/go-libddwaf/v4/internal/support,Apache-2.0,"Copyright 2016-present Datadog, Inc"
core,github.com/DataDog/go-libddwaf/v4/internal/unsafe,Apache-2.0,"Copyright 2016-present Datadog, Inc"
core,github.com/DataDog/go-libddwaf/v4/json,Apache-2.0,"Copyright 2016-present Datadog, Inc"
core,github.com/DataDog/go-libddwaf/v4/timer,Apache-2.0,"Copyright 2016-present Datadog, Inc"
core,github.com/DataDog/go-libddwaf/v4/waferrors,Apache-2.0,"Copyright 2016-present Datadog, Inc"
core,github.com/DataDog/go-runtime-metrics-internal/pkg/runtimemetrics,Apache-2.0,"Copyright 2024-2024 Datadog, Inc"
core,github.com/DataDog/go-sqllexer,MIT,"Copyright (c) 2023 Datadog, Inc"
core,github.com/DataDog/go-tuf/client,BSD-3-Clause,"Copyright (c) 2014-2020 Prime Directive, Inc. All rights reserved"
core,github.com/DataDog/go-tuf/data,BSD-3-Clause,"Copyright (c) 2014-2020 Prime Directive, Inc. All rights reserved"
core,github.com/DataDog/go-tuf/internal/roles,BSD-3-Clause,"Copyright (c) 2014-2020 Prime Directive, Inc. All rights reserved"
core,github.com/DataDog/go-tuf/internal/sets,BSD-3-Clause,"Copyright (c) 2014-2020 Prime Directive, Inc. All rights reserved"
core,github.com/DataDog/go-tuf/pkg/keys,BSD-3-Clause,"Copyright (c) 2014-2020 Prime Directive, Inc. All rights reserved"
core,github.com/DataDog/go-tuf/pkg/targets,BSD-3-Clause,"Copyright (c) 2014-2020 Prime Directive, Inc. All rights reserved"
core,github.com/DataDog/go-tuf/util,BSD-3-Clause,"Copyright (c) 2014-2020 Prime Directive, Inc. All rights reserved"
core,github.com/DataDog/go-tuf/verify,BSD-3-Clause,"Copyright (c) 2014-2020 Prime Directive, Inc. All rights reserved"
core,github.com/DataDog/opentelemetry-mapping-go/pkg/otlp/attributes,Apache-2.0,"Copyright (c) 2023 Datadog, Inc."
core,github.com/DataDog/opentelemetry-mapping-go/pkg/otlp/attributes/azure,Apache-2.0,"Copyright (c) 2023 Datadog, Inc."
core,github.com/DataDog/opentelemetry-mapping-go/pkg/otlp/attributes/ec2,Apache-2.0,"Copyright (c) 2023 Datadog, Inc."
core,github.com/DataDog/opentelemetry-mapping-go/pkg/otlp/attributes/gcp,Apache-2.0,"Copyright (c) 2023 Datadog, Inc."
core,github.com/DataDog/opentelemetry-mapping-go/pkg/otlp/attributes/source,Apache-2.0,"Copyright (c) 2023 Datadog, Inc."
core,github.com/DataDog/sketches-go/ddsketch,Apache-2.0,"Copyright 2021 Datadog, Inc"
core,github.com/DataDog/sketches-go/ddsketch/encoding,Apache-2.0,"Copyright 2021 Datadog, Inc"
core,github.com/DataDog/sketches-go/ddsketch/mapping,Apache-2.0,"Copyright 2021 Datadog, Inc"
core,github.com/DataDog/sketches-go/ddsketch/pb/sketchpb,Apache-2.0,"Copyright 2021 Datadog, Inc"
core,github.com/DataDog/sketches-go/ddsketch/stat,Apache-2.0,"Copyright 2021 Datadog, Inc"
core,github.com/DataDog/sketches-go/ddsketch/store,Apache-2.0,"Copyright 2021 Datadog, Inc"
core,github.com/Masterminds/semver/v3,MIT,"Copyright (C) 2014-2019, Matt Butcher and Matt Farina"
core,github.com/Microsoft/go-winio,MIT,Copyright (c) 2015 Microsoft
core,github.com/Microsoft/go-winio/internal/fs,MIT,Copyright (c) 2015 Microsoft
core,github.com/Microsoft/go-winio/internal/socket,MIT,Copyright (c) 2015 Microsoft
core,github.com/Microsoft/go-winio/internal/stringbuffer,MIT,Copyright (c) 2015 Microsoft
core,github.com/Microsoft/go-winio/pkg/guid,MIT,Copyright (c) 2015 Microsoft
core,github.com/bahlo/generic-list-go,BSD-3-Clause,Copyright (c) 2009 The Go Authors. All rights reserved
core,github.com/bmatcuk/doublestar/v4,MIT,Copyright (c) 2014 Bob Matcuk
core,github.com/buger/jsonparser,MIT,Copyright (c) 2016 Leonid Bugaev
core,github.com/cenkalti/backoff/v5,MIT,Copyright (c) 2014 Cenk Altı
core,github.com/cespare/xxhash/v2,MIT,Copyright (c) 2016 Caleb Spare
core,github.com/cihub/seelog,BSD-3-Clause,"Copyright (c) 2012, Cloud Instruments Co., Ltd. <info@cin.io>"
core,github.com/cihub/seelog/archive,BSD-3-Clause,"Copyright (c) 2012, Cloud Instruments Co., Ltd. <info@cin.io>"
core,github.com/cihub/seelog/archive/gzip,BSD-3-Clause,"Copyright (c) 2012, Cloud Instruments Co., Ltd. <info@cin.io>"
core,github.com/cihub/seelog/archive/tar,BSD-3-Clause,"Copyright (c) 2012, Cloud Instruments Co., Ltd. <info@cin.io>"
core,github.com/cihub/seelog/archive/zip,BSD-3-Clause,"Copyright (c) 2012, Cloud Instruments Co., Ltd. <info@cin.io>"
core,github.com/davecgh/go-spew/spew,ISC,Copyright (c) 2012-2016 Dave Collins <dave@davec.name>
core,github.com/dustin/go-humanize,MIT,Copyright (c) 2005-2008  Dustin Sallings <dustin@spy.net>
core,github.com/ebitengine/purego,Apache-2.0,Copyright 2022 The Ebitengine Authors
core,github.com/ebitengine/purego/internal/cgo,Apache-2.0,Copyright 2022 The Ebitengine Authors
core,github.com/ebitengine/purego/internal/fakecgo,Apache-2.0,Copyright 2022 The Ebitengine Authors
core,github.com/ebitengine/purego/internal/strings,Apache-2.0,Copyright 2022 The Ebitengine Authors
core,github.com/felixge/httpsnoop,MIT,Copyright (c) 2016 Felix Geisendörfer (felix@debuggable.com)
core,github.com/go-git/gcfg,BSD-3-Clause,Copyright (c) 2012 Péter Surányi. Portions Copyright (c) 2009 The Go
core,github.com/go-git/gcfg/scanner,BSD-3-Clause,Copyright (c) 2012 Péter Surányi. Portions Copyright (c) 2009 The Go
core,github.com/go-git/gcfg/token,BSD-3-Clause,Copyright (c) 2012 Péter Surányi. Portions Copyright (c) 2009 The Go
core,github.com/go-git/gcfg/types,BSD-3-Clause,Copyright (c) 2012 Péter Surányi. Portions Copyright (c) 2009 The Go
core,github.com/go-git/go-billy/v5,Apache-2.0,Copyright 2017 Sourced Technologies S.L
core,github.com/go-git/go-git/v5/internal/path_util,Apache-2.0,"Copyright 2018 Sourced Technologies, S.L"
core,github.com/go-git/go-git/v5/plumbing/format/config,Apache-2.0,"Copyright 2018 Sourced Technologies, S.L"
core,github.com/go-git/go-git/v5/plumbing/format/gitignore,Apache-2.0,"Copyright 2018 Sourced Technologies, S.L"
core,github.com/go-git/go-git/v5/utils/ioutil,Apache-2.0,"Copyright 2018 Sourced Technologies, S.L"
core,github.com/go-logr/logr,Apache-2.0,Copyright 2019 The logr Authors. | Copyright 2020 The logr Authors.
core,github.com/go-logr/logr/funcr,Apache-2.0,Copyright 2019 The logr Authors. | Copyright 2020 The logr Authors.
core,github.com/go-logr/stdr,Apache-2.0,Copyright 2019 The logr Authors.
core,github.com/go-ole/go-ole,MIT,"Copyright © 2013-2017 Yasuhiro Matsumoto, <mattn.jp@gmail.com>"
core,github.com/go-ole/go-ole/oleutil,MIT,"Copyright © 2013-2017 Yasuhiro Matsumoto, <mattn.jp@gmail.com>"
core,github.com/go-viper/mapstructure/v2,MIT,Copyright (c) 2013 Mitchell Hashimoto
core,github.com/go-viper/mapstructure/v2/internal/errors,MIT,Copyright (c) 2013 Mitchell Hashimoto
core,github.com/gogo/protobuf/gogoproto,BSD-3-Clause,"Copyright (c) 2013, The GoGo Authors. All rights reserved. | Copyright 2010 The Go Authors.  All rights reserved."
core,github.com/gogo/protobuf/jsonpb,BSD-3-Clause,"Copyright (c) 2013, The GoGo Authors. All rights reserved. | Copyright 2010 The Go Authors.  All rights reserved."
core,github.com/gogo/protobuf/proto,BSD-3-Clause,"Copyright (c) 2013, The GoGo Authors. All rights reserved. | Copyright 2010 The Go Authors.  All rights reserved."
core,github.com/gogo/protobuf/protoc-gen-gogo/descriptor,BSD-3-Clause,"Copyright (c) 2013, The GoGo Authors. All rights reserved. | Copyright 2010 The Go Authors.  All rights reserved."
core,github.com/gogo/protobuf/sortkeys,BSD-3-Clause,"Copyright (c) 2013, The GoGo Authors. All rights reserved. | Copyright 2010 The Go Authors.  All rights reserved."
core,github.com/gogo/protobuf/types,BSD-3-Clause,"Copyright (c) 2013, The GoGo Authors. All rights reserved. | Copyright 2010 The Go Authors.  All rights reserved."
core,github.com/golang/groupcache/lru,Apache-2.0,Copyright (c) 2009 The Go Authors. All rights reserved.
core,github.com/golang/protobuf/proto,BSD-3-Clause,Copyright (c) 2009 The Go Authors. All rights reserved.
core,github.com/google/generative-ai-go/genai,Apache-2.0,Copyright 2024 Google LLC
core,github.com/google/generative-ai-go/genai/internal,Apache-2.0,Copyright 2024 Google LLC
core,github.com/google/generative-ai-go/genai/internal/generativelanguage/v1beta,Apache-2.0,Copyright 2024 Google LLC
core,github.com/google/generative-ai-go/genai/internal/gensupport,Apache-2.0,Copyright 2024 Google LLC
core,github.com/google/s2a-go,Apache-2.0,Copyright (c) 2020 Google
core,github.com/google/s2a-go/fallback,Apache-2.0,Copyright (c) 2020 Google
core,github.com/google/s2a-go/internal/authinfo,Apache-2.0,Copyright (c) 2020 Google
core,github.com/google/s2a-go/internal/handshaker,Apache-2.0,Copyright (c) 2020 Google
core,github.com/google/s2a-go/internal/handshaker/service,Apache-2.0,Copyright (c) 2020 Google
core,github.com/google/s2a-go/internal/proto/common_go_proto,Apache-2.0,Copyright (c) 2020 Google
core,github.com/google/s2a-go/internal/proto/s2a_context_go_proto,Apache-2.0,Copyright (c) 2020 Google
core,github.com/google/s2a-go/internal/proto/s2a_go_proto,Apache-2.0,Copyright (c) 2020 Google
core,github.com/google/s2a-go/internal/proto/v2/common_go_proto,Apache-2.0,Copyright (c) 2020 Google
core,github.com/google/s2a-go/internal/proto/v2/s2a_context_go_proto,Apache-2.0,Copyright (c) 2020 Google
core,github.com/google/s2a-go/internal/proto/v2/s2a_go_proto,Apache-2.0,Copyright (c) 2020 Google
core,github.com/google/s2a-go/internal/record,Apache-2.0,Copyright (c) 2020 Google
core,github.com/google/s2a-go/internal/record/internal/aeadcrypter,Apache-2.0,Copyright (c) 2020 Google
core,github.com/google/s2a-go/internal/record/internal/halfconn,Apache-2.0,Copyright (c) 2020 Google
core,github.com/google/s2a-go/internal/tokenmanager,Apache-2.0,Copyright (c) 2020 Google
core,github.com/google/s2a-go/internal/v2,Apache-2.0,Copyright (c) 2020 Google
core,github.com/google/s2a-go/internal/v2/certverifier,Apache-2.0,Copyright (c) 2020 Google
core,github.com/google/s2a-go/internal/v2/remotesigner,Apache-2.0,Copyright (c) 2020 Google
core,github.com/google/s2a-go/internal/v2/tlsconfigstore,Apache-2.0,Copyright (c) 2020 Google
core,github.com/google/s2a-go/retry,Apache-2.0,Copyright (c) 2020 Google
core,github.com/google/s2a-go/stream,Apache-2.0,Copyright (c) 2020 Google
core,github.com/google/uuid,BSD-3-Clause,"Copyright (c) 2009,2014 Google Inc. All rights reserved | Paul Borman <borman@google.com> | bmatsuo | cd1 | dansouza | dsymonds | jboverfelt | shawnps | theory | wallclockbuilder"
core,github.com/googleapis/enterprise-certificate-proxy/client,Apache-2.0,Copyright 2017 Google Inc.
core,github.com/googleapis/enterprise-certificate-proxy/client/util,Apache-2.0,Copyright 2017 Google Inc.
core,github.com/googleapis/gax-go/v2,BSD-3-Clause,Copyright 2017 Google Inc.
core,github.com/googleapis/gax-go/v2/apierror,BSD-3-Clause,Copyright 2017 Google Inc.
core,github.com/googleapis/gax-go/v2/apierror/internal/proto,BSD-3-Clause,Copyright 2017 Google Inc.
core,github.com/googleapis/gax-go/v2/callctx,BSD-3-Clause,Copyright 2017 Google Inc.
core,github.com/googleapis/gax-go/v2/internal,BSD-3-Clause,Copyright 2017 Google Inc.
core,github.com/hashicorp/go-version,MPL-2.0,"Copyright © 2014-2018 HashiCorp, Inc"
core,github.com/invopop/jsonschema,MIT,Copyright (C) 2014 Alec Thomas
core,github.com/jbenet/go-context/io,MIT,Copyright (c) 2014 Juan Batiz-Benet
core,github.com/json-iterator/go,MIT,Copyright (c) 2016 json-iterator
core,github.com/karrick/godirwalk,BSD-2-Clause,"Copyright (c) 2017, Karrick McDermott"
core,github.com/lufia/plan9stats,BSD-3-Clause,"Copyright (c) 2019, KADOTA, Kyohei"
core,github.com/mailru/easyjson/buffer,MIT,Copyright (c) 2016 Mail.Ru Group
core,github.com/mailru/easyjson/jwriter,MIT,Copyright (c) 2016 Mail.Ru Group
core,github.com/mattn/go-pointer,MIT,Copyright (c) 2019 Yasuhiro Matsumoto
core,github.com/modern-go/concurrent,Apache-2.0,Copyright (c) 2018 Tao Wen
core,github.com/modern-go/reflect2,Apache-2.0,Copyright (c) 2018 Tao Wen
core,github.com/openai/openai-go/v3,Apache-2.0,Copyright 2026 OpenAI
core,github.com/openai/openai-go/v3/conversations,Apache-2.0,Copyright 2026 OpenAI
core,github.com/openai/openai-go/v3/internal,Apache-2.0,Copyright 2026 OpenAI
core,github.com/openai/openai-go/v3/internal/apierror,Apache-2.0,Copyright 2026 OpenAI
core,github.com/openai/openai-go/v3/internal/apiform,Apache-2.0,Copyright 2026 OpenAI
core,github.com/openai/openai-go/v3/internal/apijson,Apache-2.0,Copyright 2026 OpenAI
core,github.com/openai/openai-go/v3/internal/apiquery,Apache-2.0,Copyright 2026 OpenAI
core,github.com/openai/openai-go/v3/internal/encoding/json,Apache-2.0,Copyright 2026 OpenAI
core,github.com/openai/openai-go/v3/internal/encoding/json/sentinel,Apache-2.0,Copyright 2026 OpenAI
core,github.com/openai/openai-go/v3/internal/encoding/json/shims,Apache-2.0,Copyright 2026 OpenAI
core,github.com/openai/openai-go/v3/internal/paramutil,Apache-2.0,Copyright 2026 OpenAI
core,github.com/openai/openai-go/v3/internal/requestconfig,Apache-2.0,Copyright 2026 OpenAI
core,github.com/openai/openai-go/v3/option,Apache-2.0,Copyright 2026 OpenAI
core,github.com/openai/openai-go/v3/packages/pagination,Apache-2.0,Copyright 2026 OpenAI
core,github.com/openai/openai-go/v3/packages/param,Apache-2.0,Copyright 2026 OpenAI
core,github.com/openai/openai-go/v3/packages/respjson,Apache-2.0,Copyright 2026 OpenAI
core,github.com/openai/openai-go/v3/packages/ssestream,Apache-2.0,Copyright 2026 OpenAI
core,github.com/openai/openai-go/v3/realtime,Apache-2.0,Copyright 2026 OpenAI
core,github.com/openai/openai-go/v3/responses,Apache-2.0,Copyright 2026 OpenAI
core,github.com/openai/openai-go/v3/shared,Apache-2.0,Copyright 2026 OpenAI
core,github.com/openai/openai-go/v3/shared/constant,Apache-2.0,Copyright 2026 OpenAI
core,github.com/openai/openai-go/v3/webhooks,Apache-2.0,Copyright 2026 OpenAI
core,github.com/outcaste-io/ristretto,Apache-2.0,"Copyright (c) 2014 Andreas Briese, eduToolbox@Bri-C GmbH, Sarstedt | Copyright (c) 2019 Ewan Chou | Copyright 2019 Dgraph Labs, Inc. and Contributors | Copyright 2020 Dgraph Labs, Inc. and Contributors | Copyright 2020 The LevelDB-Go and Pebble Authors. All rights reserved. | Copyright 2021 Dgraph Labs, Inc. and Contributors"
core,github.com/outcaste-io/ristretto/z,MIT,"Copyright (c) 2014 Andreas Briese, eduToolbox@Bri-C GmbH, Sarstedt | Copyright (c) 2019 Ewan Chou | Copyright 2019 Dgraph Labs, Inc. and Contributors | Copyright 2020 Dgraph Labs, Inc. and Contributors | Copyright 2020 The LevelDB-Go and Pebble Authors. All rights reserved. | Copyright 2021 Dgraph Labs, Inc. and Contributors"
core,github.com/outcaste-io/ristretto/z/simd,MIT,"Copyright (c) 2014 Andreas Briese, eduToolbox@Bri-C GmbH, Sarstedt | Copyright (c) 2019 Ewan Chou | Copyright 2019 Dgraph Labs, Inc. and Contributors | Copyright 2020 Dgraph Labs, Inc. and Contributors | Copyright 2020 The LevelDB-Go and Pebble Authors. All rights reserved. | Copyright 2021 Dgraph Labs, Inc. and Contributors"
core,github.com/owenrumney/go-sarif/v2/sarif,Unlicense,"copyright interest in the | copyright law | copyright laws, the author or authors"
core,github.com/panjf2000/ants/v2,MIT,Copyright (c) 2018 Andy Pan
core,github.com/panjf2000/ants/v2/pkg/sync,MIT,Copyright (c) 2018 Andy Pan
core,github.com/philhofer/fwd,MIT,"Copyright (c) 2014-2015, Philip Hofer"
core,github.com/pkg/errors,BSD-2-Clause,"Copyright (c) 2015, Dave Cheney <dave@cheney.net>"
core,github.com/planetscale/vtprotobuf/protohelpers,BSD-3-Clause,"Copyright (c) 2013, The GoGo Authors. All rights reserved | Copyright (c) 2018 The Go Authors. All rights reserved | Copyright (c) 2021, PlanetScale Inc. All rights reserved"
core,github.com/pmezard/go-difflib/difflib,BSD-3-Clause,"Copyright (c) 2013, Patrick Mezard"
core,github.com/power-devops/perfstat,MIT,Copyright (c) 2020 Power DevOps
core,github.com/puzpuzpuz/xsync/v3,Apache-2.0,Copyright 2021 Andrei Pechkurov
core,github.com/secure-systems-lab/go-securesystemslib/cjson,MIT,Copyright (c) 2021 NYU Secure Systems Lab
core,github.com/shirou/gopsutil/v4/common,BSD-3-Clause,"Copyright (c) 2009 The Go Authors. All rights reserved | Copyright (c) 2014, WAKAYAMA Shirou"
core,github.com/shirou/gopsutil/v4/cpu,BSD-3-Clause,"Copyright (c) 2009 The Go Authors. All rights reserved | Copyright (c) 2014, WAKAYAMA Shirou"
core,github.com/shirou/gopsutil/v4/internal/common,BSD-3-Clause,"Copyright (c) 2009 The Go Authors. All rights reserved | Copyright (c) 2014, WAKAYAMA Shirou"
core,github.com/shirou/gopsutil/v4/mem,BSD-3-Clause,"Copyright (c) 2009 The Go Authors. All rights reserved | Copyright (c) 2014, WAKAYAMA Shirou"
core,github.com/shirou/gopsutil/v4/net,BSD-3-Clause,"Copyright (c) 2009 The Go Authors. All rights reserved | Copyright (c) 2014, WAKAYAMA Shirou"
core,github.com/shirou/gopsutil/v4/process,BSD-3-Clause,"Copyright (c) 2009 The Go Authors. All rights reserved | Copyright (c) 2014, WAKAYAMA Shirou"
core,github.com/stretchr/testify/assert,MIT,"Copyright (c) 2012-2020 Mat Ryer, Tyler Bunnell and contributors"
core,github.com/stretchr/testify/assert/yaml,MIT,"Copyright (c) 2012-2020 Mat Ryer, Tyler Bunnell and contributors"
core,github.com/stretchr/testify/require,MIT,"Copyright (c) 2012-2020 Mat Ryer, Tyler Bunnell and contributors"
core,github.com/theckman/httpforwarded,BSD-3-Clause,Copyright (c) 2009 The Go Authors. All rights reserved | Copyright (c) 2016 Tim Heckman. All rights reserved
core,github.com/tidwall/gjson,MIT,Copyright (c) 2016 Josh Baker
core,github.com/tidwall/match,MIT,Copyright (c) 2016 Josh Baker
core,github.com/tidwall/pretty,MIT,Copyright (c) 2017 Josh Baker
core,github.com/tidwall/sjson,MIT,Copyright (c) 2016 Josh Baker
core,github.com/tinylib/msgp/msgp,MIT,Copyright (c) 2009 The Go Authors (license at http://golang.org) where indicated | Copyright (c) 2014 Philip Hofer
core,github.com/tklauser/go-sysconf,BSD-3-Clause,"Copyright (c) 2018-2022, Tobias Klauser"
core,github.com/tklauser/numcpus,Apache-2.0,Copyright 2018 Tobias Klauser
core,github.com/tree-sitter/go-tree-sitter,MIT,Copyright (c) 2024 Amaan Qureshi <amaanq12@gmail.com>
core,github.com/tree-sitter/tree-sitter-go/bindings/go,MIT,Copyright (c) 2014 Max Brunsfeld
core,github.com/tree-sitter/tree-sitter-java/bindings/go,MIT,Copyright (c) 2017 Ayman Nadeem
core,github.com/tree-sitter/tree-sitter-python/bindings/go,MIT,Copyright (c) 2016 Max Brunsfeld
core,github.com/wk8/go-ordered-map/v2,Apache-2.0,Copyright 2023 Jean Rougé <wk8.github@gmail.com>
core,github.com/yusufpapurcu/wmi,MIT,Copyright (c) 2013 Stack Exchange
core,go.opencensus.io,Apache-2.0,"Copyright 2018, OpenCensus Authors"
core,go.opencensus.io/internal,Apache-2.0,"Copyright 2018, OpenCensus Authors"
core,go.opencensus.io/internal/tagencoding,Apache-2.0,"Copyright 2018, OpenCensus Authors"
core,go.opencensus.io/metric/metricdata,Apache-2.0,"Copyright 2018, OpenCensus Authors"
core,go.opencensus.io/metric/metricproducer,Apache-2.0,"Copyright 2018, OpenCensus Authors"
core,go.opencensus.io/plugin/ocgrpc,Apache-2.0,"Copyright 2018, OpenCensus Authors"
core,go.opencensus.io/plugin/ochttp,Apache-2.0,"Copyright 2018, OpenCensus Authors"
core,go.opencensus.io/plugin/ochttp/propagation/b3,Apache-2.0,"Copyright 2018, OpenCensus Authors"
core,go.opencensus.io/resource,Apache-2.0,"Copyright 2018, OpenCensus Authors"
core,go.opencensus.io/stats,Apache-2.0,"Copyright 2018, OpenCensus Authors"
core,go.opencensus.io/stats/internal,Apache-2.0,"Copyright 2018, OpenCensus Authors"
core,go.opencensus.io/stats/view,Apache-2.0,"Copyright 2018, OpenCensus Authors"
core,go.opencensus.io/tag,Apache-2.0,"Copyright 2018, OpenCensus Authors"
core,go.opencensus.io/trace,Apache-2.0,"Copyright 2018, OpenCensus Authors"
core,go.opencensus.io/trace/internal,Apache-2.0,"Copyright 2018, OpenCensus Authors"
core,go.opencensus.io/trace/propagation,Apache-2.0,"Copyright 2018, OpenCensus Authors"
core,go.opencensus.io/trace/tracestate,Apache-2.0,"Copyright 2018, OpenCensus Authors"
core,go.opentelemetry.io/auto/sdk,Apache-2.0,Copyright The OpenTelemetry Authors
core,go.opentelemetry.io/auto/sdk/internal/telemetry,Apache-2.0,Copyright The OpenTelemetry Authors
core,go.opentelemetry.io/collector/component,Apache-2.0,Copyright The OpenTelemetry Authors
core,go.opentelemetry.io/collector/featuregate,Apache-2.0,Copyright The OpenTelemetry Authors
core,go.opentelemetry.io/collector/internal/telemetry,Apache-2.0,Copyright The OpenTelemetry Authors
core,go.opentelemetry.io/collector/internal/telemetry/componentattribute,Apache-2.0,Copyright The OpenTelemetry Authors
core,go.opentelemetry.io/collector/pdata/internal,Apache-2.0,Copyright The OpenTelemetry Authors
core,go.opentelemetry.io/collector/pdata/internal/data,Apache-2.0,Copyright The OpenTelemetry Authors
core,go.opentelemetry.io/collector/pdata/internal/data/protogen/collector/logs/v1,Apache-2.0,Copyright The OpenTelemetry Authors
core,go.opentelemetry.io/collector/pdata/internal/data/protogen/collector/metrics/v1,Apache-2.0,Copyright The OpenTelemetry Authors
core,go.opentelemetry.io/collector/pdata/internal/data/protogen/collector/profiles/v1development,Apache-2.0,Copyright The OpenTelemetry Authors
core,go.opentelemetry.io/collector/pdata/internal/data/protogen/collector/trace/v1,Apache-2.0,Copyright The OpenTelemetry Authors
core,go.opentelemetry.io/collector/pdata/internal/data/protogen/common/v1,Apache-2.0,Copyright The OpenTelemetry Authors
core,go.opentelemetry.io/collector/pdata/internal/data/protogen/logs/v1,Apache-2.0,Copyright The OpenTelemetry Authors
core,go.opentelemetry.io/collector/pdata/internal/data/protogen/metrics/v1,Apache-2.0,Copyright The OpenTelemetry Authors
core,go.opentelemetry.io/collector/pdata/internal/data/protogen/profiles/v1development,Apache-2.0,Copyright The OpenTelemetry Authors
core,go.opentelemetry.io/collector/pdata/internal/data/protogen/resource/v1,Apache-2.0,Copyright The OpenTelemetry Authors
core,go.opentelemetry.io/collector/pdata/internal/data/protogen/trace/v1,Apache-2.0,Copyright The OpenTelemetry Authors
core,go.opentelemetry.io/collector/pdata/internal/json,Apache-2.0,Copyright The OpenTelemetry Authors
core,go.opentelemetry.io/collector/pdata/internal/otlp,Apache-2.0,Copyright The OpenTelemetry Authors
core,go.opentelemetry.io/collector/pdata/pcommon,Apache-2.0,Copyright The OpenTelemetry Authors
core,go.opentelemetry.io/collector/pdata/ptrace,Apache-2.0,Copyright The OpenTelemetry Authors
core,go.opentelemetry.io/collector/semconv/v1.17.0,Apache-2.0,Copyright The OpenTelemetry Authors
core,go.opentelemetry.io/collector/semconv/v1.26.0,Apache-2.0,Copyright The OpenTelemetry Authors
core,go.opentelemetry.io/collector/semconv/v1.27.0,Apache-2.0,Copyright The OpenTelemetry Authors
core,go.opentelemetry.io/collector/semconv/v1.6.1,Apache-2.0,Copyright The OpenTelemetry Authors
core,go.opentelemetry.io/contrib/bridges/otelzap,Apache-2.0,Copyright The OpenTelemetry Authors
core,go.opentelemetry.io/contrib/instrumentation/google.golang.org/grpc/otelgrpc,Apache-2.0,Copyright The OpenTelemetry Authors
core,go.opentelemetry.io/contrib/instrumentation/google.golang.org/grpc/otelgrpc/internal,Apache-2.0,Copyright The OpenTelemetry Authors
core,go.opentelemetry.io/contrib/instrumentation/net/http/otelhttp,Apache-2.0,Copyright The OpenTelemetry Authors
core,go.opentelemetry.io/contrib/instrumentation/net/http/otelhttp/internal/semconv,Apache-2.0,Copyright The OpenTelemetry Authors
core,go.opentelemetry.io/contrib/instrumentation/net/http/otelhttp/internal/semconvutil,Apache-2.0,Copyright The OpenTelemetry Authors
core,go.opentelemetry.io/otel,Apache-2.0,Copyright The OpenTelemetry Authors
core,go.opentelemetry.io/otel/attribute,Apache-2.0,Copyright The OpenTelemetry Authors
core,go.opentelemetry.io/otel/baggage,Apache-2.0,Copyright The OpenTelemetry Authors
core,go.opentelemetry.io/otel/codes,Apache-2.0,Copyright The OpenTelemetry Authors
core,go.opentelemetry.io/otel/internal,Apache-2.0,Copyright The OpenTelemetry Authors
core,go.opentelemetry.io/otel/internal/attribute,Apache-2.0,Copyright The OpenTelemetry Authors
core,go.opentelemetry.io/otel/internal/baggage,Apache-2.0,Copyright The OpenTelemetry Authors
core,go.opentelemetry.io/otel/internal/global,Apache-2.0,Copyright The OpenTelemetry Authors
core,go.opentelemetry.io/otel/log,Apache-2.0,Copyright The OpenTelemetry Authors
core,go.opentelemetry.io/otel/log/embedded,Apache-2.0,Copyright The OpenTelemetry Authors
core,go.opentelemetry.io/otel/log/global,Apache-2.0,Copyright The OpenTelemetry Authors
core,go.opentelemetry.io/otel/log/internal/global,Apache-2.0,Copyright The OpenTelemetry Authors
core,go.opentelemetry.io/otel/metric,Apache-2.0,Copyright The OpenTelemetry Authors
core,go.opentelemetry.io/otel/metric/embedded,Apache-2.0,Copyright The OpenTelemetry Authors
core,go.opentelemetry.io/otel/metric/noop,Apache-2.0,Copyright The OpenTelemetry Authors
core,go.opentelemetry.io/otel/propagation,Apache-2.0,Copyright The OpenTelemetry Authors
core,go.opentelemetry.io/otel/sdk,Apache-2.0,Copyright The OpenTelemetry Authors
core,go.opentelemetry.io/otel/sdk/instrumentation,Apache-2.0,Copyright The OpenTelemetry Authors
core,go.opentelemetry.io/otel/sdk/internal/env,Apache-2.0,Copyright The OpenTelemetry Authors
core,go.opentelemetry.io/otel/sdk/internal/x,Apache-2.0,Copyright The OpenTelemetry Authors
core,go.opentelemetry.io/otel/sdk/resource,Apache-2.0,Copyright The OpenTelemetry Authors
core,go.opentelemetry.io/otel/sdk/trace,Apache-2.0,Copyright The OpenTelemetry Authors
core,go.opentelemetry.io/otel/semconv/v1.17.0,Apache-2.0,Copyright The OpenTelemetry Authors
core,go.opentelemetry.io/otel/semconv/v1.20.0,Apache-2.0,Copyright The OpenTelemetry Authors
core,go.opentelemetry.io/otel/semconv/v1.26.0,Apache-2.0,Copyright The OpenTelemetry Authors
core,go.opentelemetry.io/otel/trace,Apache-2.0,Copyright The OpenTelemetry Authors
core,go.opentelemetry.io/otel/trace/embedded,Apache-2.0,Copyright The OpenTelemetry Authors
core,go.opentelemetry.io/otel/trace/internal/telemetry,Apache-2.0,Copyright The OpenTelemetry Authors
core,go.opentelemetry.io/otel/trace/noop,Apache-2.0,Copyright The OpenTelemetry Authors
core,go.uber.org/atomic,MIT,"Copyright (c) 2016 Uber Technologies, Inc"
core,go.uber.org/multierr,MIT,"Copyright (c) 2017-2021 Uber Technologies, Inc"
core,go.uber.org/zap,MIT,"Copyright (c) 2016-2017 Uber Technologies, Inc"
core,go.uber.org/zap/buffer,MIT,"Copyright (c) 2016-2017 Uber Technologies, Inc"
core,go.uber.org/zap/internal,MIT,"Copyright (c) 2016-2017 Uber Technologies, Inc"
core,go.uber.org/zap/internal/bufferpool,MIT,"Copyright (c) 2016-2017 Uber Technologies, Inc"
core,go.uber.org/zap/internal/color,MIT,"Copyright (c) 2016-2017 Uber Technologies, Inc"
core,go.uber.org/zap/internal/exit,MIT,"Copyright (c) 2016-2017 Uber Technologies, Inc"
core,go.uber.org/zap/internal/pool,MIT,"Copyright (c) 2016-2017 Uber Technologies, Inc"
core,go.uber.org/zap/internal/stacktrace,MIT,"Copyright (c) 2016-2017 Uber Technologies, Inc"
core,go.uber.org/zap/zapcore,MIT,"Copyright (c) 2016-2017 Uber Technologies, Inc"
core,golang.org/x/crypto/chacha20,BSD-3-Clause,Copyright 2009 The Go Authors
core,golang.org/x/crypto/chacha20poly1305,BSD-3-Clause,Copyright (c) 2009 The Go Authors. All rights reserved
core,golang.org/x/crypto/cryptobyte,BSD-3-Clause,Copyright 2009 The Go Authors
core,golang.org/x/crypto/cryptobyte/asn1,BSD-3-Clause,Copyright 2009 The Go Authors
core,golang.org/x/crypto/hkdf,BSD-3-Clause,Copyright 2009 The Go Authors
core,golang.org/x/crypto/internal/alias,BSD-3-Clause,Copyright 2009 The Go Authors
core,golang.org/x/crypto/internal/poly1305,BSD-3-Clause,Copyright 2009 The Go Authors
core,golang.org/x/exp/constraints,BSD-3-Clause,Copyright 2009 The Go Authors
core,golang.org/x/net/context,BSD-3-Clause,Copyright 2009 The Go Authors
core,golang.org/x/net/http/httpguts,BSD-3-Clause,Copyright 2009 The Go Authors
core,golang.org/x/net/http2,BSD-3-Clause,Copyright 2009 The Go Authors
core,golang.org/x/net/http2/hpack,BSD-3-Clause,Copyright 2009 The Go Authors
core,golang.org/x/net/idna,BSD-3-Clause,Copyright 2009 The Go Authors
core,golang.org/x/net/internal/httpcommon,BSD-3-Clause,Copyright 2009 The Go Authors
core,golang.org/x/net/internal/timeseries,BSD-3-Clause,Copyright 2009 The Go Authors
core,golang.org/x/net/trace,BSD-3-Clause,Copyright 2009 The Go Authors
core,golang.org/x/oauth2,BSD-3-Clause,Copyright 2009 The Go Authors
core,golang.org/x/oauth2/authhandler,BSD-3-Clause,Copyright 2009 The Go Authors
core,golang.org/x/oauth2/google,BSD-3-Clause,Copyright 2009 The Go Authors
core,golang.org/x/oauth2/google/externalaccount,BSD-3-Clause,Copyright 2009 The Go Authors
core,golang.org/x/oauth2/google/internal/externalaccountauthorizeduser,BSD-3-Clause,Copyright 2009 The Go Authors
core,golang.org/x/oauth2/google/internal/impersonate,BSD-3-Clause,Copyright 2009 The Go Authors
core,golang.org/x/oauth2/google/internal/stsexchange,BSD-3-Clause,Copyright 2009 The Go Authors
core,golang.org/x/oauth2/internal,BSD-3-Clause,Copyright 2009 The Go Authors
core,golang.org/x/oauth2/jws,BSD-3-Clause,Copyright 2009 The Go Authors
core,golang.org/x/oauth2/jwt,BSD-3-Clause,Copyright 2009 The Go Authors
core,golang.org/x/sync/errgroup,BSD-3-Clause,Copyright 2009 The Go Authors
core,golang.org/x/sync/semaphore,BSD-3-Clause,Copyright 2009 The Go Authors
core,golang.org/x/sys/cpu,BSD-3-Clause,Copyright 2009 The Go Authors
core,golang.org/x/sys/unix,BSD-3-Clause,Copyright 2009 The Go Authors
core,golang.org/x/sys/windows,BSD-3-Clause,Copyright 2009 The Go Authors
core,golang.org/x/sys/windows/registry,BSD-3-Clause,Copyright 2009 The Go Authors
core,golang.org/x/text/secure/bidirule,BSD-3-Clause,Copyright 2009 The Go Authors
core,golang.org/x/text/transform,BSD-3-Clause,Copyright 2009 The Go Authors
core,golang.org/x/text/unicode/bidi,BSD-3-Clause,Copyright 2009 The Go Authors
core,golang.org/x/text/unicode/norm,BSD-3-Clause,Copyright 2009 The Go Authors
core,golang.org/x/time/rate,BSD-3-Clause,Copyright 2009 The Go Authors
core,golang.org/x/xerrors,BSD-3-Clause,Copyright (c) 2019 The Go Authors. All rights reserved
core,golang.org/x/xerrors/internal,BSD-3-Clause,Copyright (c) 2019 The Go Authors. All rights reserved
core,golang/go,BSD-3-Clause,Copyright (c) 2009 The Go Authors. All rights reserved.
core,google.golang.org/api/googleapi,BSD-3-Clause,Copyright (c) 2011 Google Inc. All rights reserved.
core,google.golang.org/api/googleapi/transport,BSD-3-Clause,Copyright (c) 2011 Google Inc. All rights reserved.
core,google.golang.org/api/internal,BSD-3-Clause,Copyright (c) 2011 Google Inc. All rights reserved.
core,google.golang.org/api/internal/cert,BSD-3-Clause,Copyright (c) 2011 Google Inc. All rights reserved.
core,google.golang.org/api/internal/impersonate,BSD-3-Clause,Copyright (c) 2011 Google Inc. All rights reserved.
core,google.golang.org/api/internal/third_party/uritemplates,BSD-3-Clause,Copyright (c) 2011 Google Inc. All rights reserved.
core,google.golang.org/api/iterator,BSD-3-Clause,Copyright (c) 2011 Google Inc. All rights reserved.
core,google.golang.org/api/option,BSD-3-Clause,Copyright (c) 2011 Google Inc. All rights reserved.
core,google.golang.org/api/option/internaloption,BSD-3-Clause,Copyright (c) 2011 Google Inc. All rights reserved.
core,google.golang.org/api/transport/grpc,BSD-3-Clause,Copyright (c) 2011 Google Inc. All rights reserved.
core,google.golang.org/api/transport/http,BSD-3-Clause,Copyright (c) 2011 Google Inc. All rights reserved.
core,google.golang.org/api/transport/http/internal/propagation,BSD-3-Clause,Copyright (c) 2011 Google Inc. All rights reserved.
core,google.golang.org/genproto/googleapis/api,Apache-2.0,Copyright 2015 Google LLC
core,google.golang.org/genproto/googleapis/api/annotations,Apache-2.0,Copyright 2015 Google LLC
core,google.golang.org/genproto/googleapis/rpc/code,Apache-2.0,Copyright 2015 Google LLC
core,google.golang.org/genproto/googleapis/rpc/errdetails,Apache-2.0,Copyright 2015 Google LLC
core,google.golang.org/genproto/googleapis/rpc/status,Apache-2.0,Copyright 2015 Google LLC
core,google.golang.org/grpc,Apache-2.0,Copyright 2014 gRPC authors.
core,google.golang.org/grpc/attributes,Apache-2.0,Copyright 2014 gRPC authors.
core,google.golang.org/grpc/backoff,Apache-2.0,Copyright 2014 gRPC authors.
core,google.golang.org/grpc/balancer,Apache-2.0,Copyright 2014 gRPC authors.
core,google.golang.org/grpc/balancer/base,Apache-2.0,Copyright 2014 gRPC authors.
core,google.golang.org/grpc/balancer/endpointsharding,Apache-2.0,Copyright 2014 gRPC authors.
core,google.golang.org/grpc/balancer/grpclb,Apache-2.0,Copyright 2014 gRPC authors.
core,google.golang.org/grpc/balancer/grpclb/grpc_lb_v1,Apache-2.0,Copyright 2014 gRPC authors.
core,google.golang.org/grpc/balancer/grpclb/state,Apache-2.0,Copyright 2014 gRPC authors.
core,google.golang.org/grpc/balancer/pickfirst,Apache-2.0,Copyright 2014 gRPC authors.
core,google.golang.org/grpc/balancer/pickfirst/internal,Apache-2.0,Copyright 2014 gRPC authors.
core,google.golang.org/grpc/balancer/pickfirst/pickfirstleaf,Apache-2.0,Copyright 2014 gRPC authors.
core,google.golang.org/grpc/balancer/roundrobin,Apache-2.0,Copyright 2014 gRPC authors.
core,google.golang.org/grpc/binarylog/grpc_binarylog_v1,Apache-2.0,Copyright 2014 gRPC authors.
core,google.golang.org/grpc/channelz,Apache-2.0,Copyright 2014 gRPC authors.
core,google.golang.org/grpc/codes,Apache-2.0,Copyright 2014 gRPC authors.
core,google.golang.org/grpc/connectivity,Apache-2.0,Copyright 2014 gRPC authors.
core,google.golang.org/grpc/credentials,Apache-2.0,Copyright 2014 gRPC authors.
core,google.golang.org/grpc/credentials/alts,Apache-2.0,Copyright 2014 gRPC authors.
core,google.golang.org/grpc/credentials/alts/internal,Apache-2.0,Copyright 2014 gRPC authors.
core,google.golang.org/grpc/credentials/alts/internal/authinfo,Apache-2.0,Copyright 2014 gRPC authors.
core,google.golang.org/grpc/credentials/alts/internal/conn,Apache-2.0,Copyright 2014 gRPC authors.
core,google.golang.org/grpc/credentials/alts/internal/handshaker,Apache-2.0,Copyright 2014 gRPC authors.
core,google.golang.org/grpc/credentials/alts/internal/handshaker/service,Apache-2.0,Copyright 2014 gRPC authors.
core,google.golang.org/grpc/credentials/alts/internal/proto/grpc_gcp,Apache-2.0,Copyright 2014 gRPC authors.
core,google.golang.org/grpc/credentials/google,Apache-2.0,Copyright 2014 gRPC authors.
core,google.golang.org/grpc/credentials/insecure,Apache-2.0,Copyright 2014 gRPC authors.
core,google.golang.org/grpc/credentials/oauth,Apache-2.0,Copyright 2014 gRPC authors.
core,google.golang.org/grpc/encoding,Apache-2.0,Copyright 2014 gRPC authors.
core,google.golang.org/grpc/encoding/proto,Apache-2.0,Copyright 2014 gRPC authors.
core,google.golang.org/grpc/experimental/stats,Apache-2.0,Copyright 2014 gRPC authors.
core,google.golang.org/grpc/grpclog,Apache-2.0,Copyright 2014 gRPC authors.
core,google.golang.org/grpc/grpclog/internal,Apache-2.0,Copyright 2014 gRPC authors.
core,google.golang.org/grpc/internal,Apache-2.0,Copyright 2014 gRPC authors.
core,google.golang.org/grpc/internal/backoff,Apache-2.0,Copyright 2014 gRPC authors.
core,google.golang.org/grpc/internal/balancer/gracefulswitch,Apache-2.0,Copyright 2014 gRPC authors.
core,google.golang.org/grpc/internal/balancerload,Apache-2.0,Copyright 2014 gRPC authors.
core,google.golang.org/grpc/internal/binarylog,Apache-2.0,Copyright 2014 gRPC authors.
core,google.golang.org/grpc/internal/buffer,Apache-2.0,Copyright 2014 gRPC authors.
core,google.golang.org/grpc/internal/channelz,Apache-2.0,Copyright 2014 gRPC authors.
core,google.golang.org/grpc/internal/credentials,Apache-2.0,Copyright 2014 gRPC authors.
core,google.golang.org/grpc/internal/envconfig,Apache-2.0,Copyright 2014 gRPC authors.
core,google.golang.org/grpc/internal/googlecloud,Apache-2.0,Copyright 2014 gRPC authors.
core,google.golang.org/grpc/internal/grpclog,Apache-2.0,Copyright 2014 gRPC authors.
core,google.golang.org/grpc/internal/grpcsync,Apache-2.0,Copyright 2014 gRPC authors.
core,google.golang.org/grpc/internal/grpcutil,Apache-2.0,Copyright 2014 gRPC authors.
core,google.golang.org/grpc/internal/idle,Apache-2.0,Copyright 2014 gRPC authors.
core,google.golang.org/grpc/internal/metadata,Apache-2.0,Copyright 2014 gRPC authors.
core,google.golang.org/grpc/internal/pretty,Apache-2.0,Copyright 2014 gRPC authors.
core,google.golang.org/grpc/internal/proxyattributes,Apache-2.0,Copyright 2014 gRPC authors.
core,google.golang.org/grpc/internal/resolver,Apache-2.0,Copyright 2014 gRPC authors.
core,google.golang.org/grpc/internal/resolver/delegatingresolver,Apache-2.0,Copyright 2014 gRPC authors.
core,google.golang.org/grpc/internal/resolver/dns,Apache-2.0,Copyright 2014 gRPC authors.
core,google.golang.org/grpc/internal/resolver/dns/internal,Apache-2.0,Copyright 2014 gRPC authors.
core,google.golang.org/grpc/internal/resolver/passthrough,Apache-2.0,Copyright 2014 gRPC authors.
core,google.golang.org/grpc/internal/resolver/unix,Apache-2.0,Copyright 2014 gRPC authors.
core,google.golang.org/grpc/internal/serviceconfig,Apache-2.0,Copyright 2014 gRPC authors.
core,google.golang.org/grpc/internal/stats,Apache-2.0,Copyright 2014 gRPC authors.
core,google.golang.org/grpc/internal/status,Apache-2.0,Copyright 2014 gRPC authors.
core,google.golang.org/grpc/internal/syscall,Apache-2.0,Copyright 2014 gRPC authors.
core,google.golang.org/grpc/internal/transport,Apache-2.0,Copyright 2014 gRPC authors.
core,google.golang.org/grpc/internal/transport/networktype,Apache-2.0,Copyright 2014 gRPC authors.
core,google.golang.org/grpc/internal/xds,Apache-2.0,Copyright 2014 gRPC authors.
core,google.golang.org/grpc/keepalive,Apache-2.0,Copyright 2014 gRPC authors.
core,google.golang.org/grpc/mem,Apache-2.0,Copyright 2014 gRPC authors.
core,google.golang.org/grpc/metadata,Apache-2.0,Copyright 2014 gRPC authors.
core,google.golang.org/grpc/peer,Apache-2.0,Copyright 2014 gRPC authors.
core,google.golang.org/grpc/resolver,Apache-2.0,Copyright 2014 gRPC authors.
core,google.golang.org/grpc/resolver/dns,Apache-2.0,Copyright 2014 gRPC authors.
core,google.golang.org/grpc/resolver/manual,Apache-2.0,Copyright 2014 gRPC authors.
core,google.golang.org/grpc/serviceconfig,Apache-2.0,Copyright 2014 gRPC authors.
core,google.golang.org/grpc/stats,Apache-2.0,Copyright 2014 gRPC authors.
core,google.golang.org/grpc/status,Apache-2.0,Copyright 2014 gRPC authors.
core,google.golang.org/grpc/tap,Apache-2.0,Copyright 2014 gRPC authors.
core,google.golang.org/protobuf/encoding/protojson,BSD-3-Clause,Copyright (c) 2018 The Go Authors. All rights reserved
core,google.golang.org/protobuf/encoding/prototext,BSD-3-Clause,Copyright (c) 2018 The Go Authors. All rights reserved
core,google.golang.org/protobuf/encoding/protowire,BSD-3-Clause,Copyright (c) 2018 The Go Authors. All rights reserved
core,google.golang.org/protobuf/internal/descfmt,BSD-3-Clause,Copyright (c) 2018 The Go Authors. All rights reserved
core,google.golang.org/protobuf/internal/descopts,BSD-3-Clause,Copyright (c) 2018 The Go Authors. All rights reserved
core,google.golang.org/protobuf/internal/detrand,BSD-3-Clause,Copyright (c) 2018 The Go Authors. All rights reserved
core,google.golang.org/protobuf/internal/editiondefaults,BSD-3-Clause,Copyright (c) 2018 The Go Authors. All rights reserved
core,google.golang.org/protobuf/internal/editionssupport,BSD-3-Clause,Copyright (c) 2018 The Go Authors. All rights reserved
core,google.golang.org/protobuf/internal/encoding/defval,BSD-3-Clause,Copyright (c) 2018 The Go Authors. All rights reserved
core,google.golang.org/protobuf/internal/encoding/json,BSD-3-Clause,Copyright (c) 2018 The Go Authors. All rights reserved
core,google.golang.org/protobuf/internal/encoding/messageset,BSD-3-Clause,Copyright (c) 2018 The Go Authors. All rights reserved
core,google.golang.org/protobuf/internal/encoding/tag,BSD-3-Clause,Copyright (c) 2018 The Go Authors. All rights reserved
core,google.golang.org/protobuf/internal/encoding/text,BSD-3-Clause,Copyright (c) 2018 The Go Authors. All rights reserved
core,google.golang.org/protobuf/internal/errors,BSD-3-Clause,Copyright (c) 2018 The Go Authors. All rights reserved
core,google.golang.org/protobuf/internal/filedesc,BSD-3-Clause,Copyright (c) 2018 The Go Authors. All rights reserved
core,google.golang.org/protobuf/internal/filetype,BSD-3-Clause,Copyright (c) 2018 The Go Authors. All rights reserved
core,google.golang.org/protobuf/internal/flags,BSD-3-Clause,Copyright (c) 2018 The Go Authors. All rights reserved
core,google.golang.org/protobuf/internal/genid,BSD-3-Clause,Copyright (c) 2018 The Go Authors. All rights reserved
core,google.golang.org/protobuf/internal/impl,BSD-3-Clause,Copyright (c) 2018 The Go Authors. All rights reserved
core,google.golang.org/protobuf/internal/order,BSD-3-Clause,Copyright (c) 2018 The Go Authors. All rights reserved
core,google.golang.org/protobuf/internal/pragma,BSD-3-Clause,Copyright (c) 2018 The Go Authors. All rights reserved
core,google.golang.org/protobuf/internal/protolazy,BSD-3-Clause,Copyright (c) 2018 The Go Authors. All rights reserved
core,google.golang.org/protobuf/internal/set,BSD-3-Clause,Copyright (c) 2018 The Go Authors. All rights reserved
core,google.golang.org/protobuf/internal/strs,BSD-3-Clause,Copyright (c) 2018 The Go Authors. All rights reserved
core,google.golang.org/protobuf/internal/version,BSD-3-Clause,Copyright (c) 2018 The Go Authors. All rights reserved
core,google.golang.org/protobuf/proto,BSD-3-Clause,Copyright (c) 2018 The Go Authors. All rights reserved
core,google.golang.org/protobuf/protoadapt,BSD-3-Clause,Copyright (c) 2018 The Go Authors. All rights reserved
core,google.golang.org/protobuf/reflect/protodesc,BSD-3-Clause,Copyright (c) 2018 The Go Authors. All rights reserved
core,google.golang.org/protobuf/reflect/protoreflect,BSD-3-Clause,Copyright (c) 2018 The Go Authors. All rights reserved
core,google.golang.org/protobuf/reflect/protoregistry,BSD-3-Clause,Copyright (c) 2018 The Go Authors. All rights reserved
core,google.golang.org/protobuf/runtime/protoiface,BSD-3-Clause,Copyright (c) 2018 The Go Authors. All rights reserved
core,google.golang.org/protobuf/runtime/protoimpl,BSD-3-Clause,Copyright (c) 2018 The Go Authors. All rights reserved
core,google.golang.org/protobuf/types/descriptorpb,BSD-3-Clause,Copyright (c) 2018 The Go Authors. All rights reserved
core,google.golang.org/protobuf/types/gofeaturespb,BSD-3-Clause,Copyright (c) 2018 The Go Authors. All rights reserved
core,google.golang.org/protobuf/types/known/anypb,BSD-3-Clause,Copyright (c) 2018 The Go Authors. All rights reserved
core,google.golang.org/protobuf/types/known/durationpb,BSD-3-Clause,Copyright (c) 2018 The Go Authors. All rights reserved
core,google.golang.org/protobuf/types/known/emptypb,BSD-3-Clause,Copyright (c) 2018 The Go Authors. All rights reserved
core,google.golang.org/protobuf/types/known/fieldmaskpb,BSD-3-Clause,Copyright (c) 2018 The Go Authors. All rights reserved
core,google.golang.org/protobuf/types/known/structpb,BSD-3-Clause,Copyright (c) 2018 The Go Authors. All rights reserved
core,google.golang.org/protobuf/types/known/timestamppb,BSD-3-Clause,Copyright (c) 2018 The Go Authors. All rights reserved
core,gopkg.in/DataDog/dd-trace-go.v1/datastreams/options,Apache-2.0,"Copyright 2016-Present Datadog, Inc."
core,gopkg.in/DataDog/dd-trace-go.v1/ddtrace,Apache-2.0,"Copyright 2016-Present Datadog, Inc."
core,gopkg.in/DataDog/dd-trace-go.v1/ddtrace/ext,Apache-2.0,"Copyright 2016-Present Datadog, Inc."
core,gopkg.in/DataDog/dd-trace-go.v1/ddtrace/internal,Apache-2.0,"Copyright 2016-Present Datadog, Inc."
core,gopkg.in/DataDog/dd-trace-go.v1/ddtrace/mocktracer,Apache-2.0,"Copyright 2016-Present Datadog, Inc."
core,gopkg.in/DataDog/dd-trace-go.v1/ddtrace/tracer,Apache-2.0,"Copyright 2016-Present Datadog, Inc."
core,gopkg.in/DataDog/dd-trace-go.v1/internal/datastreams,Apache-2.0,"Copyright 2016-Present Datadog, Inc."
core,gopkg.in/DataDog/dd-trace-go.v1/internal/globalconfig,Apache-2.0,"Copyright 2016-Present Datadog, Inc."
core,gopkg.in/DataDog/dd-trace-go.v1/internal/log,Apache-2.0,"Copyright 2016-Present Datadog, Inc."
core,gopkg.in/DataDog/dd-trace-go.v1/internal/version,Apache-2.0,"Copyright 2016-Present Datadog, Inc."
core,gopkg.in/ini.v1,Apache-2.0,Copyright 2014 Unknwon
core,gopkg.in/warnings.v0,BSD-2-Clause,Copyright (c) 2016 Péter Surányi
core,gopkg.in/yaml.v3,MIT,Copyright (c) 2006-2010 Kirill Simonov | Copyright 2011-2016 Canonical Ltd
